file_name,total_sales,average_sales
sales_january_2014.csv,8992.0,1498.6666666666667
sales_march_2014.csv,10139.0,1689.8333333333333
sales_february_2014.csv,9375.0,1562.5
